Area,BHK,Bathroom,Locality,Price
800,3,2,Rohini,6500000
750,2,2,Rohini,5000000
950,2,2,Rohini,15500000
600,2,2,Rohini,4200000
650,2,2,Rohini,6200000
1300,4,3,Rohini,15500000
1350,4,3,Rohini,10000000
650,2,2,Rohini,4000000
985,3,3,Rohini,6800000
1300,4,4,Rohini,15000000
1100,3,2,Rohini,6200000
870,3,2,Rohini,7700000
630,2,2,Rohini,5500000
660,2,2,Rohini,5000000
344.4448,2,2,Rohini,3310000
660,2,2,Rohini,4700000
550,2,2,Rohini,4500000
1100,4,3,Rohini,17000000
1150,3,3,Rohini,25000000
650,2,2,Rohini,6000000
850,2,2,Rohini,11000000
900,3,2,Rohini,4500000
430.556,1,1,Rohini,5300000
900,2,2,Rohini,10500000
914.9315,2,2,Rohini,12000000
1100,3,3,Rohini,7000000
800,3,2,Rohini,7000000
500,1,1,Rohini,3400000
28,2,2,Rohini,5000000
2160,4,4,Rohini,21000000
1500,1,2,Lajpat Nagar,13500000
800,2,2,Lajpat Nagar,15000000
900,2,2,Lajpat Nagar,10500000
1080,3,2,Lajpat Nagar,22500000
750,2,2,Lajpat Nagar,13600000
1450,3,3,Lajpat Nagar,30000000
900,2,2,Lajpat Nagar,13500000
810,2,2,Lajpat Nagar,8910000
1350,3,4,Lajpat Nagar,25000000
1710,3,3,Lajpat Nagar,26000000
1650,3,3,Lajpat Nagar,30000000
1280,2,2,Lajpat Nagar,12500000
1260,3,3,Lajpat Nagar,21000000
1130,2,2,Lajpat Nagar,7800000
600,2,2,Lajpat Nagar,11500000
850,2,2,Lajpat Nagar,11500000
1500,3,3,Lajpat Nagar,26000000
900,2,2,Lajpat Nagar,13000000
1000,3,3,Lajpat Nagar,22000000
900,2,2,Lajpat Nagar,15800000
2925,4,4,Lajpat Nagar,57500000
900,2,2,Lajpat Nagar,10000000
1600,3,3,Lajpat Nagar,30000000
1143,3,3,Lajpat Nagar,22000000
1150,3,3,Lajpat Nagar,24000000
1500,3,3,Lajpat Nagar,31500000
850,2,2,Lajpat Nagar,14600000
8000,4,5,Lajpat Nagar,240000000
890,2,2,Lajpat Nagar,8300000
1100,3,3,Lajpat Nagar,22500000
750,1,1,Dwarka,4600000
850,2,1,Dwarka,1900000
1350,3,2,Dwarka,5130000
1387,4,4,Dwarka,5890000
1050,3,2,Dwarka,3700000
1500,3,2,Dwarka,17400000
1200,3,3,Dwarka,15500000
700,2,1,Dwarka,2400000
1700,3,2,Dwarka,17200000
1550,3,2,Dwarka,14200000
1400,3,3,Dwarka,13500000
1900,4,4,Dwarka,30000000
2160,4,3,Dwarka,21000000
1700,4,3,Dwarka,20500000
1850,3,4,Dwarka,24000000
1800,4,2,Dwarka,16500000
1620,3,2,Dwarka,14900000
1800,4,3,Dwarka,19200000
1540,3,3,Dwarka,14500000
1600,3,3,Dwarka,15600000
1400,3,2,Dwarka,11400000
2300,4,4,Dwarka,31500000
1560,3,2,Dwarka,15800000
1500,3,3,Dwarka,16000000
1540,3,3,Dwarka,14500000
1050,2,2,Dwarka,10500000
1800,3,2,Dwarka,14800000
400,1,1,Dwarka,1850000
1150,3,2,Dwarka,6800000
1525,3,3,Dwarka,14200000
900,1,1,Lajpat Nagar,8900000
1450,3,3,Lajpat Nagar,37500000
1450,3,3,Lajpat Nagar,30000000
1260,3,3,Lajpat Nagar,21000000
2925,4,4,Lajpat Nagar,57500000
1710,3,3,Lajpat Nagar,30000000
1600,3,3,Lajpat Nagar,30000000
1500,3,3,Lajpat Nagar,31500000
2200,3,3,Lajpat Nagar,30000000
1350,3,3,Lajpat Nagar,41500000
1710,3,3,Lajpat Nagar,24800000
1350,3,3,Lajpat Nagar,35000000
1500,3,3,Lajpat Nagar,40000000
2880,4,5,Lajpat Nagar,46000000
2700,4,4,Lajpat Nagar,55000000
1400,3,3,Lajpat Nagar,24500000
1800,3,3,Lajpat Nagar,24500000
1400,3,3,Lajpat Nagar,32500000
1000,2,2,Lajpat Nagar,20000000
8000,4,5,Lajpat Nagar,240000000
1000,2,2,Lajpat Nagar,20000000
1700,3,3,Lajpat Nagar,19000000
1600,3,3,Lajpat Nagar,26000000
1350,3,3,Lajpat Nagar,21000000
1700,3,3,Lajpat Nagar,27500000
1400,3,3,Lajpat Nagar,32500000
1450,3,3,Lajpat Nagar,45000000
1350,3,3,Lajpat Nagar,21000000
1700,3,3,Lajpat Nagar,28000000
1600,3,3,Lajpat Nagar,29500000
1500,1,2,Lajpat Nagar,13500000
800,2,2,Lajpat Nagar,14000000
1710,3,3,Lajpat Nagar,26000000
1350,2,2,Lajpat Nagar,12500000
1500,3,3,Lajpat Nagar,26000000
750,2,2,Lajpat Nagar,11500000
850,2,2,Lajpat Nagar,14600000
1575,3,3,Lajpat Nagar,25500000
1675,3,3,Lajpat Nagar,31000000
1350,3,3,Lajpat Nagar,22000000
900,2,2,Lajpat Nagar,13400000
1800,3,3,Lajpat Nagar,35000000
900,2,2,Lajpat Nagar,11000000
900,2,2,Lajpat Nagar,6300000
900,2,2,Lajpat Nagar,12500000
800,2,2,Lajpat Nagar,14500000
1100,2,3,Lajpat Nagar,22500000
810,2,2,Lajpat Nagar,15500000
1500,3,3,Lajpat Nagar,26000000
900,2,2,Lajpat Nagar,15800000
825,2,2,Lajpat Nagar,15000000
900,2,2,Lajpat Nagar,13000000
875,2,2,Lajpat Nagar,15000000
1350,3,3,Lajpat Nagar,25000000
750,2,2,Lajpat Nagar,16500000
900,2,2,Lajpat Nagar,10300000
1350,3,3,Lajpat Nagar,26000000
900,2,2,Lajpat Nagar,11000000
1800,3,3,Lajpat Nagar,28500000
900,2,2,Lajpat Nagar,11000000
900,2,1,Budh Vihar,11000000
810,3,2,Budh Vihar,4500000
450,2,1,Budh Vihar,3600000
100,3,2,Budh Vihar,4300000
900,3,2,Budh Vihar,4000000
500,2,2,Budh Vihar,1650000
450,1,1,Budh Vihar,2000000
75,2,2,Budh Vihar,3000000
270,2,1,Budh Vihar,1400000
500,2,1,Budh Vihar,2000000
444,2,2,Budh Vihar,2000000
400,1,1,Budh Vihar,2000000
729,3,4,Budh Vihar,2600000
4050,6,3,Budh Vihar,5100000
2400,6,4,Budh Vihar,6000000
450,2,2,Budh Vihar,4000000
405,2,3,Budh Vihar,6200000
666,1,2,Budh Vihar,3500000
1000,2,2,Rohini,7600000
1360,4,3,Rohini,13500000
1550,4,3,Rohini,12500000
850,3,2,Rohini,6500000
2170,4,4,Rohini,22000000
720,3,2,Rohini,6000000
850,3,2,Rohini,7300000
950,3,2,Rohini,7600000
2300,4,4,Rohini,20000000
1300,4,4,Rohini,15000000
1100,3,2,Rohini,6200000
1030,3,2,Rohini,6200000
350,1,1,Rohini,2300000
750,2,2,Rohini,5000000
720,2,2,Rohini,4700000
800,2,2,Rohini,5500000
350,1,1,Rohini,2000000
980,3,2,Rohini,7300000
1600,4,3,Rohini,13000000
1450,3,3,Rohini,11500000
445,2,2,Rohini,2800000
380,1,1,Rohini,2200000
680,2,2,Rohini,4400000
1600,3,3,Rohini,13500000
630,2,2,Rohini,4100000
1500,3,2,Rohini,12000000
550,2,2,Rohini,3500000
2500,4,3,Rohini,15000000
2800,5,4,Rohini,17500000
300,1,1,Rohini,1900000
800,3,2,Rohini,5500000
1295,3,2,Rohini,10000000
700,3,2,Rohini,4700000
350,1,1,Rohini,2400000
450,2,2,Rohini,3800000
2200,4,4,Rohini,23000000
2300,4,4,Rohini,24500000
1150,3,2,Rohini,10000000
800,3,2,Rohini,5500000
850,3,2,Rohini,7000000
720,3,2,Rohini,6500000
4688,5,4,Patel Nagar,135000000
750,2,2,Rohini,5000000
3901,4,4,Patel Nagar,93000000
950,3,2,Uttam Nagar,4370000
1000,3,2,Dwarka,4620000
850,2,1,Dwarka,1900000
2400,4,4,Greater Kailash,70000000
1350,3,2,Dwarka,5130000
540,2,2,Dwarka,3000000
1387,4,4,Dwarka,5890000
540,2,2,Uttam Nagar,3300000
976,2,2,Okhla,24900000
1050,3,2,Dwarka,3700000
2700,4,3,Greater Kailash,60000000
1500,3,2,Dwarka,17400000
5025,5,6,Greater Kailash,170000000
1000,3,2,Uttam Nagar,5510000
1135,3,3,Karol Bagh,25000000
2306,3,3,Patel Nagar,57000000
1200,3,3,Dwarka,15500000
1700,3,2,Dwarka,17200000
1800,4,3,Vasant Kunj,55000000
1100,2,2,Vasant Kunj,15000000
22050,4,4,Greater Kailash,51000000
1550,4,3,Rohini,13000000
1600,3,3,Greater Kailash,30000000
700,2,2,"Khanpur, Madangir",2400000
45,4,3,Okhla,5500000
3510,4,4,Friends,45000000
4500,4,4,Friends,60000000
1800,4,4,Friends,65000000
6000,5,5,Friends,220000000
4300,4,4,Friends,60000000
1700,3,3,Friends,38500000
2500,3,3,Friends,50000000
4500,4,4,Friends,75000000
2450,4,4,Friends,70000000
10350,4,7,Friends,160000000
4800,3,4,Friends,85000000
1600,3,3,Friends,40000000
3500,4,4,Friends,90000000
2100,4,5,Friends,56000000
4200,5,5,Friends,135500000
1500,3,3,Friends,60000000
8150,4,5,Friends,170000000
2200,4,4,Friends,50000000
3500,4,5,Friends,58000000
2070,3,3,Friends,37500000
3500,3,3,Friends,45000000
2000,4,4,Friends,70000000
2800,6,4,Friends,29500000
2550,4,4,Friends,60000000
4500,4,4,Friends,70000000
1400,3,3,Friends,50000000
2800,4,5,Friends,75000000
2700,4,4,Friends,52500000
4500,4,4,Friends,55000000
7200,4,4,Friends,120000000
2799,4,4,Greater Kailash,65000000
2650,4,4,Greater Kailash,75000000
2200,4,4,Greater Kailash,47500000
3500,5,5,Greater Kailash,70000000
2200,4,4,Greater Kailash,47500000
2200,4,4,Greater Kailash,40000000
3500,4,4,Greater Kailash,85000000
1440,3,3,Greater Kailash,26000000
3150,4,4,Greater Kailash,35000000
900,2,2,Greater Kailash,20000000
3690,4,5,Greater Kailash,79000000
1200,3,2,Greater Kailash,17000000
4500,4,4,Greater Kailash,47500000
2799,4,4,Greater Kailash,43000000
1350,3,3,Greater Kailash,26000000
1200,3,3,Greater Kailash,25000000
2177,4,5,Greater Kailash,51000000
1500,3,3,Greater Kailash,40000000
1600,3,3,Greater Kailash,22500000
4500,4,4,Greater Kailash,70000000
2150,4,4,Greater Kailash,45000000
2107,4,4,Greater Kailash,51100000
1150,3,3,Greater Kailash,25500000
1240,3,3,Greater Kailash,26500000
1000,2,2,Greater Kailash,15000000
4500,4,4,Greater Kailash,55000000
1150,3,3,Greater Kailash,26000000
2000,4,4,Greater Kailash,38000000
4500,4,5,Greater Kailash,72500000
3000,4,5,Greater Kailash,65000000
700,2,2,Shahdara,4600000
750,2,2,Shahdara,9200000
1350,4,3,Shahdara,9500000
900,2,2,Shahdara,4500000
970,3,2,Shahdara,6500000
1000,3,2,Shahdara,5650000
1425,3,3,Shahdara,9300000
440,2,2,Shahdara,2700000
1017,2,2,Shahdara,6500000
650,2,2,Shahdara,5800000
950,3,2,Shahdara,5500000
810,3,2,Shahdara,6000000
750,2,2,Shahdara,4500000
990,2,2,Shahdara,4100000
800,3,2,Shahdara,3800000
675,2,1,Shahdara,3300000
558,2,1,Shahdara,2900000
445,2,1,Shahdara,2000000
360,2,1,Shahdara,1550000
1350,4,3,Shahdara,11300000
850,3,2,Shahdara,4500000
846,2,1,Shahdara,3300000
1300,4,3,Shahdara,11500000
900,3,2,Shahdara,6000000
1050,3,2,Shahdara,9000000
850,2,2,Shahdara,4500000
1650,4,3,Shahdara,14000000
1150,2,2,Shahdara,7300000
495.1394,1,1,Shahdara,1900000
1053,3,2,Shahdara,7000000
810,3,2,Shahdara,6000000
750,1,2,Shahdara,6400000
540,2,1,Shahdara,2700000
747,2,2,Shahdara,6500000
720,2,1,Shahdara,4000000
376.7365,1,1,Shahdara,3000000
1125,2,2,Shahdara,5000000
713,2,2,Shahdara,6000000
360,1,1,Shahdara,2500000
900,2,2,Shahdara,6500000
713,3,1,Shahdara,8000000
504,2,1,Shahdara,2700000
70,1,2,Shahdara,4500000
850,3,2,Shahdara,5700000
2430,4,3,Shahdara,25000000
2475,3,3,Shahdara,70000000
2970,7,4,Shahdara,26500000
2250,3,2,Shahdara,18500000
1500,5,3,Shahdara,30000000
1512,2,2,Shahdara,22000000
400,2,2,Okhla,9000000
2160,3,3,Shahdara,65000000
630,3,2,Shahdara,22500000
324,6,3,Shahdara,8700000
720,6,5,Shahdara,22000000
675,4,2,Shahdara,18500000
700,2,1,Shahdara,16000000
675,4,3,Shahdara,16000000
720,4,2,Shahdara,9000000
850,2,2,Shahdara,4500000
801,3,2,Laxmi Nagar,6000000
450,1,2,Laxmi Nagar,2700000
1000,3,2,Laxmi Nagar,6500000
990,3,2,Laxmi Nagar,4000000
420,2,1,Laxmi Nagar,2600000
450,2,1,Laxmi Nagar,3500000
1000,2,2,Laxmi Nagar,7500000
900,3,2,Laxmi Nagar,7000000
800,3,2,Laxmi Nagar,4500000
720,3,3,Laxmi Nagar,5500000
450,2,1,Laxmi Nagar,2700000
675,2,2,Laxmi Nagar,2400000
1700,4,3,Laxmi Nagar,11500000
550,2,2,Laxmi Nagar,3600000
387,1,2,Laxmi Nagar,1700000
450,2,1,Laxmi Nagar,2500000
900,4,2,Laxmi Nagar,6600000
500,2,1,Laxmi Nagar,3700000
441,2,1,Laxmi Nagar,3500000
800,3,2,Laxmi Nagar,5400000
450,2,2,Laxmi Nagar,2550000
1000,3,3,Laxmi Nagar,12500000
715,2,2,Laxmi Nagar,5600000
600,2,2,Laxmi Nagar,7000000
540,2,1,Laxmi Nagar,3500000
312,4,4,Laxmi Nagar,35000000
810,3,2,Laxmi Nagar,9000000
270,1,1,Laxmi Nagar,2300000
900,3,2,Laxmi Nagar,6000000
1000,3,2,Laxmi Nagar,6000000
540,2,2,Uttam Nagar,2650000
950,3,2,Uttam Nagar,4370000
1000,3,2,Dwarka,4620000
540,2,2,Dwarka,3000000
540,2,2,Uttam Nagar,3300000
1000,3,2,Uttam Nagar,5510000
500,2,2,Dwarka,3200000
540,2,2,Uttam Nagar,2600000
780,3,2,Uttam Nagar,4000000
450,2,1,Uttam Nagar,1850000
360,1,1,Uttam Nagar,1700000
900,3,2,Dwarka,2800000
495,2,2,Uttam Nagar,2150000
1200,4,3,Dwarka,6800000
1000,3,2,Uttam Nagar,6200000
620,2,2,Uttam Nagar,3100000
680,3,2,Dwarka,3400000
805,2,2,Uttam Nagar,4000000
540,2,2,Uttam Nagar,2500000
360,1,1,Uttam Nagar,2000000
550,2,2,Uttam Nagar,1900000
1001,3,2,Dwarka,5800000
450,2,2,Dwarka,2900000
550,2,1,Uttam Nagar,2000000
550,2,2,Uttam Nagar,2600000
675,2,1,Uttam Nagar,2900000
585,2,2,Uttam Nagar,3200000
810,3,2,Uttam Nagar,5400000
765,3,2,Dwarka,3800000
4688,5,4,Patel Nagar,135000000
3901,4,4,Patel Nagar,93000000
70,2,3,Patel Nagar,8200000
800,3,2,Patel Nagar,8000000
900,3,2,Patel Nagar,9500000
1680,4,5,Patel Nagar,20000000
900,2,2,Patel Nagar,7400000
2000,3,3,Patel Nagar,37500000
2000,4,4,Patel Nagar,15000000
1900,3,3,Patel Nagar,55300000
1530,3,3,Patel Nagar,26500000
100,3,2,Patel Nagar,16000000
900,3,2,Patel Nagar,10400000
270,1,1,Patel Nagar,1700000
950,2,2,Patel Nagar,8000000
1800,3,3,Patel Nagar,27000000
1500,3,3,Patel Nagar,19500000
1800,3,3,Patel Nagar,50000000
1800,3,3,Patel Nagar,21100000
2306,3,3,Patel Nagar,57000000
850,2,3,Patel Nagar,5900000
140,3,2,Patel Nagar,12000000
900,3,2,Patel Nagar,12000000
1800,3,3,Patel Nagar,24000000
200,1,1,Patel Nagar,7000000
1782,3,3,Patel Nagar,15000000
900,2,2,Patel Nagar,1500000
405,2,1,Patel Nagar,3950000
1500,3,3,Patel Nagar,12500000
66,3,1,Patel Nagar,1600000
2000,4,4,DDA Flats,36500000
1200,3,2,DDA Flats,20000000
1100,2,2,Vasant Kunj,15000000
1400,3,2,Vasant Kunj,25000000
1600,3,2,DDA Flats,18500000
1600,4,3,DDA Flats,23500000
600,1,1,Vasant Kunj,8000000
1600,3,2,Vasant Kunj,23000000
2000,3,3,DDA Flats,31000000
650,1,2,DDA Flats,7400000
1100,2,2,Vasant Kunj,15500000
1075,2,2,DDA Flats,12000000
1450,3,2,DDA Flats,23500000
1200,3,2,Vasant Kunj,25000000
600,1,2,Vasant Kunj,7000000
1000,2,2,DDA Flats,17500000
1600,3,2,Vasant Kunj,25000000
1750,4,4,Vasant Kunj,29000000
1300,3,3,DDA Flats,21900000
550,1,2,Vasant Kunj,7500000
2200,4,3,DDA Flats,23500000
1100,2,2,Vasant Kunj,24000000
1700,3,2,Vasant Kunj,31000000
1100,2,2,Vasant Kunj,16500000
1000,2,2,Vasant Kunj,5000000
1350,3,2,Vasant Kunj,24000000
1184,2,2,Vasant Kunj,17000000
2000,4,2,Vasant Kunj,40000000
3500,4,4,Vasant Kunj,22500000
900,3,3,Vasant Kunj,20000000
4688,5,4,Patel Nagar,135000000
750,2,2,Rohini,5000000
3901,4,4,Patel Nagar,93000000
950,3,2,Uttam Nagar,4370000
1000,3,2,Dwarka,4620000
850,2,1,Dwarka,1900000
2400,4,4,Greater Kailash,70000000
1350,3,2,Dwarka,5130000
540,2,2,Dwarka,3000000
1387,4,4,Dwarka,5890000
540,2,2,Uttam Nagar,3300000
976,2,2,Okhla,24900000
1050,3,2,Dwarka,3700000
2700,4,3,Greater Kailash,60000000
1500,3,2,Dwarka,17400000
5025,5,6,Greater Kailash,170000000
1000,3,2,Uttam Nagar,5510000
1135,3,3,Karol Bagh,25000000
2306,3,3,Patel Nagar,57000000
1200,3,3,Dwarka,15500000
1700,3,2,Dwarka,17200000
1800,4,3,Vasant Kunj,55000000
1100,2,2,Vasant Kunj,15000000
22050,4,4,Greater Kailash,51000000
1550,4,3,Rohini,13000000
1600,3,3,Greater Kailash,30000000
700,2,2,"Khanpur, Madangir",2400000
45,4,3,Okhla,5500000
450,2,2,Shahdara,2900000
540,5,2,Shahdara,17000000
1350,3,3,Shahdara,25000000
2250,3,2,Shahdara,10000000
1250,2,1,Shahdara,7500000
504,3,1,Shahdara,3600000
65,3,2,Shahdara,35000000
450,2,1,Shahdara,6000000
1800,4,2,Shahdara,17500000
1800,4,3,Shahdara,35000000
1530,5,2,Shahdara,10200000
1750,4,4,Vasant Kunj,29000000
2210,4,3,Okhla,41000000
760,3,2,Geeta Colony,6000000
380,1,1,Geeta Colony,2200000
900,4,1,Shahdara,15000000
810,5,6,Geeta Colony,28900000
100,3,2,Geeta Colony,5500000
50,2,1,Shahdara,1950000
58,2,1,Geeta Colony,3800000
1650,4,3,Shahdara,14000000
1000,2,2,Laxmi Nagar,7500000
852,2,2,Shahdara,2670000
700,2,2,Shahdara,2500000
990,3,2,Laxmi Nagar,4000000
450,2,1,Laxmi Nagar,3500000
1000,2,2,Laxmi Nagar,5000000
1700,4,3,Saket,29500000
1350,3,2,Saket,19000000
2100,4,3,Saket,25500000
2600,4,4,Saket,75000000
3000,4,5,Saket,75000000
1450,3,3,Saket,34000000
2050,4,4,Saket,47500000
3000,4,5,Saket,75000000
1800,3,3,Saket,23000000
900,3,2,Saket,24000000
1500,3,2,Saket,21500000
1500,3,2,Saket,28500000
1800,4,4,Saket,12500000
1674,3,3,Saket,45000000
2025,4,3,Saket,30500000
1300,3,3,Saket,22500000
990,3,3,Saket,28000000
2100,3,4,Saket,25000000
2250,4,4,Saket,33700000
1500,3,3,Saket,27000000
2700,4,4,Saket,43500000
1700,3,3,Saket,29000000
1700,3,3,Saket,30000000
2050,4,4,Saket,52100000
1800,3,3,Saket,32500000
1500,3,2,Saket,20500000
2000,4,3,Saket,25000000
1500,3,3,Saket,30000000
24300,4,5,Saket,51000000
2475,4,4,Saket,31000000
1800,3,3,Safdarjung Enclave,37500000
1300,3,3,Safdarjung Enclave,32500000
1500,3,3,Safdarjung Enclave,37500000
2100,4,4,Safdarjung Enclave,55000000
1800,4,4,Safdarjung Enclave,87500000
1100,2,2,Safdarjung Enclave,16300000
2035,4,4,Safdarjung Enclave,65000000
1100,3,3,Safdarjung Enclave,25000000
1550,3,3,Safdarjung Enclave,38000000
700,2,2,Safdarjung Enclave,15000000
150,2,1,Safdarjung Enclave,2000000
540,1,1,Safdarjung Enclave,3000000
810,2,2,Safdarjung Enclave,8500000
3250,4,4,Safdarjung Enclave,55000000
1600,3,3,Safdarjung Enclave,22500000
4000,4,4,Safdarjung Enclave,72500000
5500,6,7,Safdarjung Enclave,160000000
900,3,3,Safdarjung Enclave,12500000
972,2,2,Safdarjung Enclave,17000000
4150,4,4,Safdarjung Enclave,82500000
2250,4,5,Safdarjung Enclave,55000000
1650,3,3,Safdarjung Enclave,35000000
2610,4,4,Safdarjung Enclave,42500000
600,2,2,Safdarjung Enclave,4700000
1700,4,5,Safdarjung Enclave,52500000
2250,4,4,Safdarjung Enclave,80000000
880,3,2,Safdarjung Enclave,11000000
4200,4,5,Safdarjung Enclave,74000000
1450,3,3,Safdarjung Enclave,37500000
2200,4,4,Safdarjung Enclave,52500000
1620,3,3,Paschim Vihar,26000000
1078,3,2,Paschim Vihar,15500000
1710,3,3,Paschim Vihar,22000000
1150,3,3,Paschim Vihar,21000000
450,2,2,Paschim Vihar,5000000
1818,3,3,Paschim Vihar,22000000
1800,3,2,Paschim Vihar,26500000
780,2,2,Paschim Vihar,8770000
405,1,1,Paschim Vihar,4500000
900,2,3,Paschim Vihar,8500000
807.2925,2,2,Paschim Vihar,8600000
2700,4,3,Paschim Vihar,42500000
1100,3,2,Paschim Vihar,13100000
585,2,2,Paschim Vihar,7000000
2152.78,3,3,Paschim Vihar,30000000
960,2,2,Paschim Vihar,13000000
1800,4,3,Paschim Vihar,23100000
1100,3,2,Paschim Vihar,16000000
900,2,2,Paschim Vihar,12500000
1620,3,3,Paschim Vihar,24500000
378,1,1,Paschim Vihar,3200000
800,3,2,Paschim Vihar,6300000
1350,3,3,Paschim Vihar,15000000
850,3,3,Paschim Vihar,5700000
1580,3,2,Paschim Vihar,21000000
820,2,3,Paschim Vihar,7500000
594,2,1,Paschim Vihar,6500000
14220,3,3,Paschim Vihar,27500000
800,3,2,Paschim Vihar,12000000
1500,3,2,Paschim Vihar,18000000
1600,3,3,Dwarka,15600000
1650,3,3,Dwarka,15500000
1600,3,3,Dwarka,15200000
1900,3,3,Dwarka,25000000
1400,3,2,Dwarka,15000000
1550,3,2,Dwarka,15800000
2000,4,3,Dwarka,31500000
1500,3,3,Dwarka,14000000
1550,3,2,Dwarka,13200000
1600,3,2,Dwarka,15800000
1600,3,3,Dwarka,16200000
1800,3,2,Dwarka,15500000
1470,3,2,Dwarka,14500000
1500,3,2,Dwarka,14900000
1750,3,3,Dwarka,17200000
1650,3,3,Dwarka,18000000
1850,3,2,Dwarka,15500000
1480,3,2,Dwarka,15800000
1214,2,2,Dwarka,12600000
1380,3,2,Dwarka,15000000
1600,4,2,Dwarka,19500000
1585,3,3,Dwarka,16600000
1700,3,3,Dwarka,17200000
1200,2,2,Dwarka,13000000
1800,4,3,Dwarka,16500000
1000,2,2,Dwarka,10700000
1500,3,2,Dwarka,16200000
1700,3,2,Dwarka,16500000
1750,3,2,Dwarka,14900000
2700,4,3,Dwarka,27500000
3050,5,6,CommonWealth Games Village,62500000
3405,5,5,CommonWealth Games Village,70000000
1500,3,3,CommonWealth Games Village,35500000
2105,3,3,CommonWealth Games Village,42100000
2500,4,5,CommonWealth Games Village,42500000
2090,3,4,CommonWealth Games Village,44000000
2525,4,5,CommonWealth Games Village,43200000
2500,4,4,CommonWealth Games Village,52500000
2100,3,4,CommonWealth Games Village,34300000
2022,3,3,CommonWealth Games Village,38000000
2650,4,5,CommonWealth Games Village,52500000
1850,3,3,CommonWealth Games Village,37500000
2100,3,3,CommonWealth Games Village,37000000
1700,3,4,CommonWealth Games Village,40000000
2105,3,3,CommonWealth Games Village,36200000
1250,2,3,CommonWealth Games Village,29000000
2552,4,5,CommonWealth Games Village,42500000
3112,5,6,CommonWealth Games Village,60000000
2125,3,3,CommonWealth Games Village,36500000
2065,3,4,CommonWealth Games Village,42500000
3405,5,4,CommonWealth Games Village,71500000
3050,5,5,CommonWealth Games Village,65000000
2300,5,6,CommonWealth Games Village,58000000
1455,2,2,CommonWealth Games Village,27500000
3400,5,5,CommonWealth Games Village,70000000
3100,5,5,CommonWealth Games Village,65000000
1400,2,3,CommonWealth Games Village,28600000
2126,3,3,CommonWealth Games Village,39000000
1815,3,3,CommonWealth Games Village,32500000
1700,3,3,CommonWealth Games Village,34000000
700,2,2,Alaknanda,16500000
980,2,2,Alaknanda,13800000
1350,3,3,Alaknanda,21000000
1800,3,3,Alaknanda,22500000
968.751,2,2,Alaknanda,15000000
1250,3,3,Alaknanda,20000000
1800,3,3,Alaknanda,20000000
1400,3,2,Alaknanda,26000000
1000,3,3,Alaknanda,19500000
1800,4,2,Alaknanda,21500000
1500,3,3,Alaknanda,26500000
1600,3,3,Alaknanda,20000000
1400,3,3,Alaknanda,18000000
1400,3,2,Alaknanda,19000000
2700,4,4,Greater Kailash,36500000
1100,2,2,Alaknanda,15000000
1200,2,2,Alaknanda,17500000
1400,2,2,Alaknanda,14000000
1500,3,3,Alaknanda,21000000
1320,3,2,Alaknanda,15600000
1300,3,3,Alaknanda,19000000
1150,2,2,Alaknanda,16500000
1440,3,3,Alaknanda,19000000
1400,2,2,Alaknanda,16500000
450,1,1,Alaknanda,3000000
1300,2,2,Alaknanda,15000000
1200,2,2,Alaknanda,14300000
1300,3,2,Alaknanda,18500000
1400,3,3,Alaknanda,19000000
1400,3,3,Alaknanda,19000000
1500,3,2,Sarita Vihar,13500000
1600,4,2,DDA Flats,15800000
1200,10,4,DDA Flats,17000000
1600,4,2,DDA Flats,15500000
1250,3,2,DDA Flats,16000000
950,2,2,DDA Flats,12900000
1200,3,3,DDA Flats,13500000
1400,4,2,DDA Flats,17800000
950,2,2,DDA Flats,13200000
1350,3,3,DDA Flats,14000000
1550,4,2,DDA Flats,17500000
1300,3,2,DDA Flats,17000000
1000,2,2,DDA Flats,13000000
1500,3,3,DDA Flats,17000000
950,2,2,DDA Flats,12700000
1200,3,2,DDA Flats,13500000
1400,4,2,DDA Flats,17400000
1500,4,2,DDA Flats,17800000
1050,2,2,DDA Flats,12700000
1550,4,2,DDA Flats,16200000
950,2,2,DDA Flats,11100000
1150,2,2,DDA Flats,13600000
1150,2,2,DDA Flats,13100000
1150,2,2,DDA Flats,12500000
1500,3,2,DDA Flats,13600000
1150,2,2,Sarita Vihar,13500000
1500,3,2,Sarita Vihar,14000000
1150,2,2,DDA Flats,10800000
900,3,2,Sultanpur,9000000
1150,3,2,Sultanpur,6300000
1000,3,3,Sultanpur,5500000
450,1,1,Sultanpur,2350000
1350,3,3,Sultanpur,8500000
445,1,2,Sultanpur,1650000
1200,2,2,Sultanpur,10000000
50,1,1,Manglapuri,1500000
1100,2,2,Sultanpur,2800000
700,2,2,Sultanpur,2600000
500,1,1,Sultanpur,2350000
540,1,1,Sultanpur,2350000
450,1,1,Sultanpur,2000000
800,2,2,Sultanpur,5000000
700,2,2,Sultanpur,3500000
750,2,2,Sultanpur,4500000
750,2,2,Sultanpur,4000000
1600,3,3,Sultanpur,10800000
1000,3,2,Sultanpur,10000000
1600,3,3,Sultanpur,10800000
900,3,2,Sultanpur,9000000
1700,3,3,Sultanpur,8500000
1100,3,2,Sultanpur,6000000
1000,3,3,Sultanpur,5500000
1000,3,2,Sultanpur,7000000
1100,3,2,Sultanpur,6000000
765,3,2,Sultanpur,3700000
900,2,2,Manglapuri,3100000
600,2,2,Sultanpur,4500000
360,1,1,Manglapuri,1500000
950,3,2,Chattarpur,7090000
3600,2,2,Chattarpur,4500000
1305,4,3,Chattarpur,5500000
1800,3,4,Chattarpur,63000000
950,3,2,Chattarpur,6990000
800,2,2,Chattarpur,4400000
1800,4,4,Chattarpur,12500000
800,2,2,Chattarpur,3000000
675,2,2,Chattarpur,2800000
1175,3,3,Chattarpur,5000000
1500,3,3,Chattarpur,6000000
810,2,2,Chattarpur,4500000
630,2,2,Chattarpur,2800000
650,2,2,Chattarpur,2500000
1800,4,4,Chattarpur,8500000
725,2,2,Chattarpur,3000000
900,3,2,Chattarpur,4900000
750,2,2,Chattarpur,3500000
700,2,2,Chattarpur,3000000
950,3,2,Chattarpur,7020000
1600,3,4,Chattarpur,60000000
900,2,2,Chattarpur,3500000
1500,3,3,Chattarpur,7000000
500,2,1,Chattarpur,7000000
1035,3,3,Chattarpur,4500000
825,3,2,Chattarpur,5990000
1300,3,3,Chattarpur,4400000
765,2,2,Chattarpur,2500000
580,1,1,Chattarpur,1600000
1750,3,3,Chattarpur,6500000
650,2,2,Mehrauli,2750000
405,1,1,Mehrauli,1500000
675,2,1,Mehrauli,2200000
850,2,2,Mehrauli,2800000
800,3,3,Mehrauli,4500000
405,1,1,Mehrauli,1800000
1350,3,3,Mehrauli,8500000
1350,3,3,Mehrauli,8500000
450,1,1,Mehrauli,1700000
1300,3,3,Mehrauli,7000000
1050,3,2,Mehrauli,5600000
1675,4,3,Mehrauli,13500000
1250,3,3,Mehrauli,8500000
1080,3,3,Mehrauli,6000000
1170,3,3,Mehrauli,7200000
1250,3,2,Mehrauli,6500000
1500,3,3,Mehrauli,8400000
1350,3,3,Mehrauli,8500000
855,2,2,Mehrauli,4000000
540,1,1,Mehrauli,1700000
1044.0983,3,2,Mehrauli,6000000
405,1,1,Mehrauli,1600000
500,1,2,Mehrauli,2100000
450,1,1,Mehrauli,1700000
405,1,1,Mehrauli,1500000
405,1,1,Mehrauli,1200000
450,1,1,Mehrauli,1650000
173,2,2,Mehrauli,3500000
1100,3,2,Mehrauli,8500000
600,2,2,Mehrauli,3200000
800,3,2,Mahavir Enclave,4400000
990,4,3,Mahavir Enclave,7200000
1100,3,2,Mahavir Enclave,7500000
1100,3,2,Mahavir Enclave,6500000
527,2,2,Mahavir Enclave,3500000
1000,2,2,Mahavir Enclave,6500000
1000,3,2,Mahavir Enclave,6200000
450,1,1,Mahavir Enclave,2500000
600,2,2,Mahavir Enclave,3000000
950,3,2,Mahavir Enclave,6000000
855,3,2,Mahavir Enclave,4800000
770,2,2,Mahavir Enclave,3790000
810,3,2,Mahavir Enclave,4200000
710,2,2,Mahavir Enclave,2900000
950,3,2,Mahavir Enclave,5000000
450,1,1,Mahavir Enclave,2100000
500,2,2,Mahavir Enclave,3200000
600,2,1,Mahavir Enclave,3000000
420,1,1,Mahavir Enclave,2300000
900,3,2,Mahavir Enclave,5900000
945,3,2,Mahavir Enclave,5500000
565,2,2,Mahavir Enclave,3500000
450,2,1,Mahavir Enclave,1700000
430,1,1,Mahavir Enclave,1850000
550,2,2,Mahavir Enclave,2300000
810,3,2,Mahavir Enclave,3800000
720,3,2,Mahavir Enclave,4500000
360,2,1,Mahavir Enclave,2200000
820,3,2,Mahavir Enclave,5200000
459,2,2,Mahavir Enclave,2200000
378,1,2,Narela,1500000
450,1,1,DDA Flats,2200000
900,2,2,DDA Flats,3800000
559.7228,2,2,Narela,2850000
350,1,1,Narela,2500000
365,1,1,Narela,3500000
390,1,1,Narela,2000000
350,1,1,DDA Flats,3000000
210,1,1,Narela,2000000
50,1,1,Narela,3500000
500,1,1,Narela,1800000
350,1,1,Narela,1600000
379,1,1,Narela,1600000
236.8058,1,1,Narela,2000000
445,1,1,Narela,1500000
452.0838,2,1,DDA Flats,3000000
350,1,1,Narela,1490000
437,1,1,Narela,3500000
61,3,3,Narela,4000000
495,2,2,Narela,1750000
900,2,2,Narela,4600000
350,1,1,Narela,1800000
585,2,2,Narela,1900000
198,1,1,Narela,1000000
4900,1,1,Narela,1000000
2077.4327,1,1,DDA Flats,1000000
50,1,1,Narela,3500000
990,3,2,Narela,5000000
425,1,1,Narela,2200000
750,2,2,Malviya Nagar,13000000
1400,3,3,Malviya Nagar,34000000
3600,4,4,Malviya Nagar,60000000
3000,4,5,Malviya Nagar,74500000
2750,4,5,Malviya Nagar,75000000
2050,4,4,Malviya Nagar,62500000
3000,4,4,Malviya Nagar,67000000
850,2,2,Malviya Nagar,8500000
750,2,2,Malviya Nagar,11500000
2600,4,5,Malviya Nagar,52500000
800,2,2,Malviya Nagar,12000000
550,2,2,Malviya Nagar,10700000
700,2,2,Malviya Nagar,9000000
2316,3,4,Malviya Nagar,100000000
900,3,2,Malviya Nagar,6200000
100,3,2,Malviya Nagar,17000000
900,2,3,Malviya Nagar,12500000
1500,2,2,Malviya Nagar,13000000
650,3,2,Malviya Nagar,4200000
2000,4,4,Malviya Nagar,36000000
500,1,1,Malviya Nagar,2300000
1125,2,2,Malviya Nagar,8100000
1300,3,3,Malviya Nagar,10000000
2500,4,5,Malviya Nagar,62500000
2200,4,5,Malviya Nagar,65000000
1290,3,2,Malviya Nagar,20000000
2250,4,4,Malviya Nagar,57500000
1350,3,3,Malviya Nagar,30000000
1400,3,3,Malviya Nagar,30000000
1700,3,3,Malviya Nagar,30000000
450,1,1,Dilshad Garden,3300000
750,2,1,Dilshad Garden,7350000
1500,4,1,Dilshad Garden,12500000
400,1,1,Dilshad Garden,3500000
650,2,2,Dilshad Garden,6500000
900,2,2,Dilshad Garden,6900000
400,1,1,Dilshad Garden,3600000
900,3,2,Dilshad Garden,13500000
1000,3,2,DDA Flats,9200000
405,1,1,Dilshad Garden,2500000
1700,3,2,DDA Flats,17000000
800,3,2,Dilshad Garden,9030000
1076.39,3,2,Dilshad Garden,9300000
750,2,1,Dilshad Garden,6500000
460,2,1,Dilshad Garden,3300000
370,1,1,Dilshad Garden,2400000
1800,3,3,Dilshad Garden,15000000
1080,3,1,Dilshad Garden,7000000
350,1,1,Dilshad Garden,4200000
500,2,1,Dilshad Garden,5800000
900,3,2,Dilshad Garden,4800000
800,2,2,Dilshad Garden,7500000
350,1,1,DDA Flats,3000000
430.556,1,1,Dilshad Garden,4300000
500,1,1,Dilshad Garden,2600000
1450,2,2,Dilshad Garden,7000000
800,2,2,Dilshad Garden,6000000
1000,2,2,Dilshad Garden,6700000
1000,3,3,Dilshad Garden,9500000
1600,3,2,DDA Flats,17000000
900,2,2,Vasundhara Enclave,8000000
1500,3,3,Vasundhara Enclave,12000000
1050,2,2,Vasundhara Enclave,9000000
1300,3,2,Vasundhara Enclave,11500000
1600,4,3,Vasundhara Enclave,20000000
900,2,2,Vasundhara Enclave,8550000
1350,4,4,Vasundhara Enclave,10500000
1000,3,2,Vasundhara Enclave,12000000
1400,3,2,Vasundhara Enclave,11000000
975,3,2,Vasundhara Enclave,12000000
900,2,2,Vasundhara Enclave,9000000
1100,2,2,Vasundhara Enclave,10000000
950,2,2,Vasundhara Enclave,8100000
1300,3,3,Vasundhara Enclave,9200000
1459,3,3,Vasundhara Enclave,14200000
1000,2,2,Vasundhara Enclave,7500000
1100,2,2,Vasundhara Enclave,9500000
1450,3,2,Vasundhara Enclave,14000000
1450,3,3,Vasundhara Enclave,11600000
1150,3,3,Vasundhara Enclave,12000000
780,2,2,Vasundhara Enclave,7500000
1300,3,2,Vasundhara Enclave,9800000
1350,3,3,Vasundhara Enclave,12000000
1200,3,2,Vasundhara Enclave,12500000
1460,3,3,Vasundhara Enclave,16500000
1460,3,3,Vasundhara Enclave,12000000
1100,2,2,Vasundhara Enclave,7200000
1500,3,3,Vasundhara Enclave,15000000
1050,2,2,Vasundhara Enclave,10000000
1350,3,3,Vasundhara Enclave,11000000
1500,2,2,Okhla,24700000
976,2,2,Okhla,24900000
540,2,1,Okhla,3600000
450,1,1,Okhla,1700000
900,2,2,Okhla,11000000
2500,4,4,Okhla,75000000
979.5149,2,2,Okhla,24800000
945,2,2,Okhla,24900000
976,2,2,Okhla,24900000
1531,2,2,Okhla,25900000
1000,2,2,Okhla,11700000
750,3,2,Okhla,13500000
900,3,2,Okhla,5500000
1512,2,2,Okhla,30000000
35,3,2,Okhla,4950000
1500,3,2,Okhla,16000000
2907,4,4,Okhla,30000000
2210,4,3,Okhla,41000000
750,2,2,Okhla,3800000
2518.7526,4,5,Okhla,68900000
588,2,2,Okhla,1800000
540,2,1,Friends,1500000
1100,3,3,Okhla,12500000
550,2,1,Okhla,1600000
750,3,2,Okhla,2400000
1260,3,2,Okhla,7000000
675,2,2,Okhla,3100000
810,2,2,Okhla,14500000
3150,4,5,Okhla,61500000
2000,4,4,Okhla,27500000
1775,3,3,Karol Bagh,25500000
1135,3,3,Karol Bagh,25000000
1252,2,2,Karol Bagh,18500000
2000,4,4,Karol Bagh,39700000
530,4,1,Karol Bagh,6800000
1332,3,2,Karol Bagh,6540000
1017,3,3,Karol Bagh,22000000
1775,3,3,Karol Bagh,25500000
987,2,2,Karol Bagh,17000000
1912,3,3,Karol Bagh,27500000
5236,5,7,Karol Bagh,73700000
2805,4,4,Karol Bagh,52300000
1500,3,3,Karol Bagh,16000000
1280,3,3,Karol Bagh,15000000
1775,3,3,Karol Bagh,25500000
675,2,2,Karol Bagh,10000000
576,2,2,Karol Bagh,5000000
1206,3,3,Karol Bagh,20000000
345,1,1,Karol Bagh,5500000
720,2,1,Karol Bagh,7000000
468,2,2,Karol Bagh,4100000
1600,3,3,Karol Bagh,24000000
535,2,1,Karol Bagh,3900000
1200,3,2,Karol Bagh,14500000
1501,3,2,Karol Bagh,20000000
1135,3,3,Karol Bagh,24500000
1200,3,2,Karol Bagh,20900000
2200,3,3,Karol Bagh,43100000
1240,3,3,Kirti Nagar,18000000
3002,4,5,Kirti Nagar,50000000
1350,3,2,Kirti Nagar,18500000
2300,4,5,Kirti Nagar,46500000
1429,3,3,Kirti Nagar,17500000
2430,4,5,Kirti Nagar,42500000
1450,3,3,Kirti Nagar,15500000
1250,2,2,Kirti Nagar,15000000
2800,4,4,Kirti Nagar,40000000
1646,3,3,Kirti Nagar,20000000
900,2,2,Kirti Nagar,6700000
1250,3,2,Kirti Nagar,16000000
900,3,2,Kirti Nagar,8000000
1590,3,2,Kirti Nagar,25000000
990,3,2,Kirti Nagar,25000000
2282,4,5,Kirti Nagar,37500000
1260,3,3,Kirti Nagar,25000000
1457,3,3,Kirti Nagar,23000000
1400,3,2,Kirti Nagar,17500000
2175,4,4,Kirti Nagar,44000000
1450,3,3,Kirti Nagar,15000000
2800,4,5,Kirti Nagar,42500000
861.112,2,2,Kirti Nagar,5000000
2282,4,5,Kirti Nagar,38000000
1753,3,3,Kirti Nagar,19000000
2659,4,5,Kirti Nagar,43500000
1550,3,2,Kirti Nagar,19500000
1470,3,2,Kirti Nagar,14200000
702,3,2,Kirti Nagar,14200000
1138,2,2,Kirti Nagar,13500000
1600,3,3,Sheikh Sarai,21000000
1600,3,3,Sheikh Sarai,22500000
1250,2,4,Sheikh Sarai,19000000
810,3,2,Sheikh Sarai,7500000
585,2,2,Sheikh Sarai,4000000
1700,3,3,Sheikh Sarai,8000000
1800,3,4,Sheikh Sarai,19000000
600,1,1,Sheikh Sarai,7000000
1250,3,3,Sheikh Sarai,5800000
600,3,2,Sheikh Sarai,8000000
1600,3,4,Sheikh Sarai,18800000
1100,3,2,Sheikh Sarai,6000000
450,1,1,Sheikh Sarai,2200000
855,3,2,Sheikh Sarai,6500000
1291.668,3,2,Sheikh Sarai,23500000
1300,2,2,Sheikh Sarai,16000000
1350,3,3,Sheikh Sarai,20000000
900,2,2,Sheikh Sarai,5500000
850,2,2,Sheikh Sarai,13500000
1650,3,3,Sheikh Sarai,22500000
650,2,2,Sheikh Sarai,3800000
630,2,2,Sheikh Sarai,4600000
1250,2,1,Sheikh Sarai,17500000
1800,4,3,Sheikh Sarai,5500000
1500,3,3,Sheikh Sarai,22500000
1100,2,2,Sheikh Sarai,12500000
1400,3,2,Sheikh Sarai,19000000
1300,2,2,Sheikh Sarai,15500000
1100,2,2,Sheikh Sarai,13500000
1600,3,3,Sheikh Sarai,21000000
2250,4,4,Punjabi Bagh,50000000
2592,4,3,Punjabi Bagh,42500000
1800,4,4,Punjabi Bagh,45500000
1700,3,3,Punjabi Bagh,23000000
1640,3,3,Punjabi Bagh,12000000
2572,3,3,Punjabi Bagh,35000000
2100,3,3,Punjabi Bagh,25000000
1620,3,3,Punjabi Bagh,29000000
2500,4,4,Punjabi Bagh,80000000
2250,3,3,Punjabi Bagh,20500000
2250,4,4,Punjabi Bagh,37500000
800,2,2,Punjabi Bagh,7500000
1450,3,3,Punjabi Bagh,32500000
1440,3,3,Punjabi Bagh,24500000
5220,5,5,Punjabi Bagh,65000000
1800,3,3,Punjabi Bagh,27500000
4455,5,5,Punjabi Bagh,115000000
195,3,3,Punjabi Bagh,28000000
807.2925,2,1,Punjabi Bagh,8000000
3500,4,4,Punjabi Bagh,75100000
1000,2,2,Punjabi Bagh,7800000
900,2,2,Punjabi Bagh,15000000
1800,3,3,Punjabi Bagh,27500000
17010,3,3,Punjabi Bagh,25000000
2340,4,4,Punjabi Bagh,26000000
1350,3,3,Punjabi Bagh,23500000
464,3,1,Punjabi Bagh,4200000
954,2,2,Punjabi Bagh,10000000
1155,2,2,Punjabi Bagh,18500000
700,2,2,Alaknanda,16500000
980,2,2,Alaknanda,13800000
1350,3,3,Alaknanda,21000000
1800,3,3,Alaknanda,22500000
968.751,2,2,Alaknanda,15000000
1250,3,3,Alaknanda,20000000
1800,3,3,Alaknanda,20000000
1400,3,2,Alaknanda,26000000
1000,3,3,Alaknanda,19500000
1800,4,2,Alaknanda,21500000
1500,3,3,Alaknanda,26500000
1600,3,3,Alaknanda,20000000
1400,3,3,Alaknanda,18000000
1400,3,2,Alaknanda,19000000
2700,4,4,Greater Kailash,36500000
1100,2,2,Alaknanda,15000000
1200,2,2,Alaknanda,17500000
1400,2,2,Alaknanda,14000000
1500,3,3,Alaknanda,21000000
1320,3,2,Alaknanda,15600000
1300,3,3,Alaknanda,19000000
1150,2,2,Alaknanda,16500000
1440,3,3,Alaknanda,19000000
1400,2,2,Alaknanda,16500000
450,1,1,Alaknanda,3000000
1300,2,2,Alaknanda,15000000
1200,2,2,Alaknanda,14300000
1300,3,2,Alaknanda,18500000
1400,3,3,Alaknanda,19000000
1400,3,3,Alaknanda,19000000
500,2,2,Kalkaji,3300000
700,2,2,Kalkaji,3800000
900,3,3,Kalkaji,7000000
1260,3,3,Kalkaji,16500000
950,3,2,Kalkaji,8000000
405,1,1,Kalkaji,5600000
1800,2,2,Kalkaji,21000000
1300,3,3,Kalkaji,21000000
1000,3,3,Kalkaji,8600000
900,3,2,Kalkaji,6600000
1800,3,3,Kalkaji,14000000
720,2,2,Kalkaji,4700000
1485,3,3,Kalkaji,30000000
1600,3,3,Kalkaji,26000000
1200,2,2,Kalkaji,18500000
900,2,2,Kalkaji,6500000
900,2,2,Kalkaji,15000000
800,2,2,Kalkaji,8000000
1150,2,3,Kalkaji,16100000
900,3,3,Kalkaji,6800000
1070,3,2,Kalkaji,6800000
1050,2,2,Kalkaji,9000000
1000,2,2,Kalkaji,18000000
1550,3,3,Kalkaji,27500000
1300,3,2,Kalkaji,13500000
810,2,2,Kalkaji,14000000
900,2,2,Kalkaji,9000000
1200,2,2,Kalkaji,16000000
1000,2,3,Kalkaji,11000000
720,2,2,Kalkaji,5500000
2520,3,3,Hauz Khas,47500000
1700,3,4,Hauz Khas,45000000
1800,3,3,Hauz Khas,43500000
6000,5,5,Hauz Khas,180000000
1800,4,4,Hauz Khas,80000000
2000,3,3,Hauz Khas,37500000
2066,4,4,Hauz Khas,60000000
2050,3,3,Hauz Khas,71000000
1100,3,3,Safdarjung Enclave,18500000
4500,4,4,Hauz Khas,70000000
4500,4,5,Hauz Khas,85000000
6500,4,5,Hauz Khas,190000000
4350,4,6,Hauz Khas,135000000
1750,3,3,Hauz Khas,35000000
3600,4,4,Safdarjung Enclave,65000000
1200,2,2,Hauz Khas,27500000
1500,3,4,Hauz Khas,45000000
2250,4,4,Hauz Khas,100000000
1800,3,4,Hauz Khas,47000000
1600,3,4,Hauz Khas,27500000
2800,4,5,Hauz Khas,70000000
1700,3,3,Hauz Khas,36500000
2400,4,5,Hauz Khas,65000000
1980,3,4,Hauz Khas,35000000
2100,4,5,Hauz Khas,56000000
5400,4,4,Hauz Khas,110000000
1250,3,3,Safdarjung Enclave,24000000
2300,4,4,Hauz Khas,102500000
2700,4,4,Hauz Khas,100000000
1450,3,3,Safdarjung Enclave,45000000
2097,3,3,Chittaranjan Park,29000000
1250,3,3,Chittaranjan Park,25500000
1600,3,3,Chittaranjan Park,33500000
2600,4,5,Chittaranjan Park,62500000
1700,3,3,Chittaranjan Park,47500000
1116,3,3,Chittaranjan Park,14700000
1070,2,3,Chittaranjan Park,18000000
1200,3,3,Chittaranjan Park,22500000
1200,3,3,Chittaranjan Park,22000000
1200,3,3,Chittaranjan Park,22200000
1450,3,3,Chittaranjan Park,22500000
1000,2,2,Chittaranjan Park,7500000
2430,4,4,Chittaranjan Park,30000000
945,2,1,Chittaranjan Park,6500000
1650,3,3,Chittaranjan Park,35000000
1350,3,2,Kalkaji,17500000
2625,4,5,Chittaranjan Park,60000000
1800,4,4,Chittaranjan Park,40000000
125,3,3,Chittaranjan Park,11500000
1440,3,3,Chittaranjan Park,22500000
1900,3,4,Chittaranjan Park,28500000
1800,3,3,Chittaranjan Park,29000000
1200,3,2,Chittaranjan Park,15500000
1800,3,3,Kalkaji,26000000
1200,3,3,Chittaranjan Park,16500000
4118,4,5,Chittaranjan Park,55000000
1050,3,2,Chittaranjan Park,12500000
875,3,3,Chittaranjan Park,17500000
990,2,2,Chittaranjan Park,11500000
11050,3,3,Chittaranjan Park,18500000
